Frame,Image 1 X,   Image 1 Y,    Image 2 X,    Image 2 Y,    Measurement X,    Measurement Y,    Measurement Z,    Uncertainty +/-,Velocity
0,	  373,570,	  341,461,	-75.3,83.5,52.9,	   0.274671823,0
1,	  373,570,	  341,461,	-75.3,83.5,52.9,	   0.306426108,0
2,	  373,570,	  342,461,	-75.0,83.4,53,	   0.398036927,110.5541597
3,	  373,570,	  343,460,	-74.7,83.2,53,	   0.525204122,169.5582496
4,	  373,571,	  344,459,	-74.2,82.9,53.2,	   0.650779903,257.6819745
5,	  372,571,	  346,458,	-73.8,82.7,53.3,	   0.894652247,291.0708199
6,	  372,571,	  347,458,	-73.3,82.5,53.4,	   0.883832812,327.3268354
7,	  372,571,	  348,458,	-73.1,82.4,53.5,	   0.955989540,316.4747225
8,	  372,571,	  349,458,	-72.9,82.3,53.4,	   0.956160903,303.2743125
9,	  372,571,	  349,458,	-72.9,82.3,53.4,	   0.890608609,272.9468813
10,	  373,571,	  348,458,	-73.1,82.6,53.3,	   0.873657346,219.1267417
11,	  373,571,	  347,459,	-73.3,82.7,53.3,	   0.660181284,182.5741858
12,	  373,571,	  346,460,	-73.8,83,53.1,	   0.565931797,122.5952112
13,	  373,570,	  345,461,	-74.2,83.1,53.1,	   0.340322077,84.81672919
14,	  373,570,	  343,461,	-74.7,83.3,53,	   0.284871608,42.68749492
15,	  373,570,	  342,461,	-75.0,83.4,52.9,	   0.262708992,19.76423538
16,	  373,570,	  341,461,	-75.2,83.5,52.9,	   0.269885123,5.882352941
17,	  373,570,	  341,461,	-75.3,83.5,52.9,	   0.274671823,0
18,	  373,570,	  341,461,	-75.3,83.5,52.9,	   0.306426108,0
19,	  373,570,	  342,461,	-75.0,83.3,53,	   0.377902180,18.70828693
20,	  373,570,	  343,460,	-74.7,83.1,53.1,	   0.452785820,35.63483225
21,	  373,570,	  344,459,	-74.3,82.9,53.2,	   0.660832822,54.73452081
22,	  372,571,	  346,459,	-73.7,82.6,53.3,	   0.770178854,81.68823577
23,	  372,571,	  347,458,	-73.3,82.5,53.4,	   0.883832812,95.47032698
24,	  372,571,	  348,458,	-73.1,82.4,53.4,	   1.006379008,100.3992032
25,	  372,571,	  348,458,	-73.0,82.4,53.5,	   0.951065242,100.7369296
26,	  372,571,	  349,458,	-72.9,82.3,53.4,	   0.890608609,101.0914375
27,	  373,571,	  348,458,	-73.0,82.6,53.3,	   0.872430325,89.35711431
28,	  373,571,	  347,459,	-73.3,82.7,53.3,	   0.658966660,75.54793897
29,	  373,571,	  346,460,	-73.8,83,53.1,	   0.564720690,53.1245915
30,	  373,570,	  345,460,	-74.1,83.1,53.1,	   0.396067798,41.31047895
31,	  373,570,	  343,461,	-74.7,83.3,53,	   0.308947235,20.00976324
32,	  373,570,	  342,461,	-75.0,83.4,52.9,	   0.262708992,9.582659576
33,	  373,570,	  341,461,	-75.2,83.5,52.9,	   0.253412068,2.941176471
34,	  373,570,	  341,461,	-75.3,83.5,52.9,	   0.274671823,0
35,	  373,570,	  341,461,	-75.2,83.5,52.9,	   0.272278011,2.777777778
36,	  373,570,	  342,461,	-75.1,83.4,53,	   0.350365609,6.620242548
37,	  373,571,	  343,460,	-74.7,83.2,53,	   0.550477028,17.8482368
38,	  373,570,	  344,459,	-74.3,82.9,53.2,	   0.627963662,30.87588354
39,	  372,571,	  345,459,	-73.9,82.7,53.3,	   0.775067270,41.53311931
40,	  372,571,	  347,458,	-73.3,82.5,53.4,	   0.883832812,55.88506945
41,	  372,571,	  348,458,	-73.1,82.4,53.4,	   1.008040071,59.76143047
42,	  372,571,	  348,458,	-72.9,82.3,53.4,	   1.003103256,63.4760189
43,	  372,571,	  349,458,	-72.9,82.3,53.4,	   0.906998158,62.03338211
44,	  373,571,	  348,458,	-73.0,82.6,53.4,	   0.869976997,55.9982363
45,	  373,571,	  347,459,	-73.3,82.7,53.3,	   0.658966660,47.62804848
46,	  373,571,	  346,460,	-73.8,82.9,53.1,	   0.525982678,34.6357885
47,	  373,570,	  345,460,	-74.2,83.1,53.1,	   0.397269577,24.73821268
48,	  373,570,	  343,461,	-74.6,83.3,53,	   0.323002577,14.99687598
49,	  373,570,	  342,461,	-74.9,83.4,52.9,	   0.261513382,8.246211251
50,	  373,570,	  341,461,	-75.2,83.5,52.9,	   0.253412068,1.960784314
51,	  373,570,	  341,461,	-75.3,83.5,52.9,	   0.274671823,0
52,	  373,570,	  341,461,	-75.3,83.5,52.9,	   0.306426108,0
53,	  373,570,	  342,461,	-75.1,83.3,53,	   0.356217682,5.555555556
54,	  373,571,	  343,460,	-74.7,83.2,53,	   0.550477028,12.33150906
55,	  373,570,	  344,459,	-74.3,82.9,53.2,	   0.660832822,21.50284746
56,	  372,571,	  345,459,	-73.9,82.7,53.3,	   0.775067270,29.14604864
57,	  372,571,	  347,458,	-73.4,82.5,53.4,	   0.887516499,38.00932359
58,	  372,571,	  348,458,	-73.1,82.4,53.4,	   1.008040071,42.54203525
59,	  372,571,	  348,458,	-72.9,82.3,53.4,	   1.003103256,45.49114688
60,	  372,571,	  349,458,	-72.9,82.3,53.4,	   0.906998158,44.74539037
61,	  373,571,	  348,458,	-73.0,82.5,53.4,	   0.873324811,41.24745759
62,	  373,571,	  348,459,	-73.2,82.6,53.3,	   0.688134968,36.81718573
63,	  373,571,	  346,460,	-73.7,82.8,53.1,	   0.601466298,27.46624349
64,	  373,570,	  345,460,	-74.1,83.1,53.1,	   0.441771895,19.70192073
65,	  373,570,	  343,461,	-74.6,83.3,53,	   0.321804583,11.13404429
66,	  373,570,	  342,461,	-74.9,83.4,52.9,	   0.261513382,6.153888993
67,	  373,570,	  341,461,	-75.2,83.5,52.9,	   0.269885123,1.470588235
68,	  373,570,	  341,461,	-75.3,83.5,52.9,	   0.274671823,0
69,	  373,570,	  341,461,	-75.3,83.5,52.9,	   0.306426108,0
70,	  373,570,	  342,461,	-75.1,83.3,53,	   0.356217682,4.225352113
71,	  373,570,	  343,460,	-74.7,83.1,53.1,	   0.455197334,10.39349274
72,	  373,570,	  344,459,	-74.4,83,53.2,	   0.664484143,14.69014424
73,	  372,571,	  345,459,	-73.9,82.7,53.3,	   0.775067270,22.45033476
74,	  372,571,	  347,458,	-73.5,82.6,53.4,	   0.904710412,27.64858847
75,	  372,571,	  348,458,	-73.1,82.4,53.4,	   1.006379008,33.02605368
76,	  372,571,	  348,458,	-72.9,82.4,53.4,	   1.001442194,34.89617881
77,	  372,571,	  349,458,	-72.9,82.3,53.4,	   0.881822169,34.99318991
78,	  373,571,	  348,458,	-73.0,82.5,53.3,	   0.898522377,32.14791164
79,	  373,571,	  348,459,	-73.2,82.6,53.3,	   0.688134968,28.99353376
80,	  373,571,	  346,460,	-73.7,82.8,53.2,	   0.576245427,21.87659895
81,	  373,570,	  345,460,	-74.1,83.1,53.1,	   0.441771895,15.61737619
82,	  373,570,	  344,461,	-74.5,83.2,53,	   0.318210363,10.36424731
83,	  373,570,	  342,461,	-74.9,83.4,52.9,	   0.261513382,4.908459078
84,	  373,570,	  341,461,	-75.2,83.5,52.9,	   0.253412068,1.176470588
85,	  373,570,	  341,461,	-75.3,83.5,52.9,	   0.274671823,0
86,	  373,570,	  341,461,	-75.3,83.5,52.9,	   0.289950579,0
87,	  373,570,	  342,461,	-75.1,83.3,53,	   0.356217682,3.409090909
88,	  373,570,	  343,460,	-74.7,83.1,53.1,	   0.438744783,8.408218847
89,	  373,570,	  344,459,	-74.4,83,53.2,	   0.664484143,11.91533922
90,	  372,571,	  345,459,	-73.9,82.7,53.3,	   0.759406149,18.25631618
91,	  372,571,	  346,458,	-73.5,82.6,53.3,	   0.942867398,22.30248318
92,	  372,571,	  347,458,	-73.2,82.4,53.4,	   1.015448689,26.05170202
93,	  372,571,	  348,458,	-73.0,82.4,53.4,	   1.002676129,27.63910863
94,	  372,571,	  349,458,	-72.8,82.3,53.4,	   0.966627896,29.66105853
95,	  372,571,	  348,458,	-73.0,82.4,53.4,	   0.861505508,27.06329387
96,	  373,571,	  348,459,	-73.2,82.6,53.2,	   0.763737679,23.75612087
97,	  373,571,	  347,459,	-73.5,82.8,53.2,	   0.603026807,19.94369417
98,	  373,571,	  345,460,	-74.1,83.1,53,	   0.509875059,12.81674499
99,	  373,570,	  343,461,	-74.5,83.2,53,	   0.337059945,8.602325267
100,	  373,570,	  342,461,	-74.9,83.4,52.9,	   0.312101275,4.082282798
101,	  373,570,	  341,461,	-75.2,83.5,52.9,	   0.271081686,0.9803921569
102,	  373,570,	  341,461,	-75.3,83.5,52.9,	   0.258195013,0
103,	  373,570,	  341,461,	-75.3,83.5,52.9,	   0.273474842,0
104,	  373,570,	  342,461,	-75.1,83.3,53,	   0.339751512,2.857142857
105,	  373,570,	  342,460,	-74.8,83.1,53.1,	   0.424700379,6.328494276
106,	  373,570,	  344,459,	-74.4,83,53.1,	   0.617598653,9.801951852
107,	  372,571,	  345,459,	-74.0,82.8,53.3,	   0.761850119,14.16394309
108,	  372,571,	  346,458,	-73.5,82.5,53.4,	   0.848244727,19.44001844
109,	  372,571,	  348,458,	-73.1,82.4,53.4,	   0.995347202,22.81800072
110,	  372,571,	  348,458,	-72.9,82.3,53.4,	   1.003103256,24.58980912
111,	  372,571,	  349,458,	-72.9,82.3,53.4,	   0.964963377,24.37025726
112,	  372,571,	  348,458,	-73.0,82.4,53.4,	   0.836324751,22.99182488
113,	  373,571,	  348,459,	-73.2,82.6,53.2,	   0.763737679,20.21354144
114,	  373,571,	  346,460,	-73.6,82.8,53.2,	   0.613035381,16.19820523
115,	  373,571,	  345,460,	-74.1,83.1,53,	   0.509875059,10.93842891
116,	  373,570,	  344,461,	-74.5,83.2,53,	   0.351113588,7.352414758
117,	  373,570,	  342,461,	-74.9,83.4,53,	   0.260317922,3.595458209
118,	  373,570,	  341,461,	-75.2,83.5,52.9,	   0.253412068,0.8403361345
119,	  373,570,	  341,461,	-75.3,83.5,52.9,	   0.258195013,0
120,	  373,570,	  341,461,	-75.3,83.5,52.9,	   0.274671823,0
121,	  373,570,	  341,461,	-75.1,83.3,53,	   0.325683713,2.459016393
122,	  373,570,	  342,460,	-74.9,83.2,53.1,	   0.428313524,4.37818277
123,	  373,570,	  344,460,	-74.4,83,53.1,	   0.599942565,8.458135872
124,	  372,571,	  345,459,	-74.1,82.8,53.2,	   0.731444716,11.37013632
125,	  372,571,	  346,458,	-73.6,82.6,53.4,	   0.843219638,15.77349755
126,	  372,571,	  347,458,	-73.3,82.5,53.4,	   1.016684175,18.04163659
127,	  372,571,	  348,458,	-73.0,82.3,53.4,	   1.004337192,20.64038252
128,	  372,571,	  349,458,	-72.8,82.3,53.4,	   0.963731766,21.8434152
129,	  372,571,	  349,458,	-72.9,82.3,53.4,	   0.865432620,20.99591394
130,	  373,571,	  348,459,	-73.1,82.5,53.3,	   0.813864291,18.69839498
131,	  373,571,	  347,459,	-73.5,82.8,53.2,	   0.648148596,14.80668203
132,	  373,571,	  345,460,	-74.0,83.1,53,	   0.542750359,10.25427195
133,	  373,570,	  344,461,	-74.4,83.2,53,	   0.348714709,7.118949264
134,	  373,570,	  342,461,	-74.9,83.4,53,	   0.257927775,3.142696805
135,	  373,570,	  342,461,	-75.1,83.5,52.9,	   0.268688679,1.470588235
136,	  373,570,	  341,461,	-75.3,83.5,52.9,	   0.274671823,0
137,	  373,570,	  341,461,	-75.3,83.5,52.9,	   0.273474842,0
138,	  373,570,	  341,461,	-75.2,83.4,53,	   0.328082472,1.246079718
139,	  373,570,	  342,460,	-74.9,83.2,53.1,	   0.444770932,3.846546291
140,	  373,570,	  344,460,	-74.4,83,53.1,	   0.584714115,7.438360625
141,	  372,571,	  345,459,	-74.0,82.7,53.2,	   0.731912434,10.95517548
142,	  372,571,	  346,458,	-73.6,82.6,53.4,	   0.843219638,13.89832651
143,	  372,571,	  347,458,	-73.2,82.4,53.4,	   0.999049366,16.82505755
144,	  372,571,	  348,458,	-73.0,82.4,53.4,	   1.005571365,17.91776697
145,	  372,571,	  349,458,	-72.9,82.3,53.4,	   0.981352448,18.69499187
146,	  372,571,	  349,458,	-72.9,82.3,53.4,	   0.865432620,18.56781505
147,	  373,571,	  348,458,	-73.1,82.6,53.3,	   0.840859532,16.28644702
148,	  373,571,	  347,459,	-73.5,82.8,53.2,	   0.646934152,13.11732905
149,	  373,571,	  345,460,	-73.9,83,53.1,	   0.515594423,10
150,	  373,570,	  344,461,	-74.5,83.2,53,	   0.349913895,5.69690415
151,	  373,570,	  343,461,	-74.8,83.3,53,	   0.273195237,3.603437878
152,	  373,570,	  342,461,	-75.1,83.4,52.9,	   0.267492414,1.461482338
153,	  373,570,	  341,461,	-75.3,83.5,52.9,	   0.274671823,0
154,	  373,570,	  341,461,	-75.3,83.5,52.9,	   0.274671823,0
155,	  373,570,	  341,461,	-75.1,83.3,53,	   0.325683713,1.923076923
156,	  373,570,	  342,460,	-74.9,83.2,53,	   0.470067024,3.24778313
157,	  373,570,	  343,460,	-74.5,83,53.1,	   0.588353395,6.103576431
158,	  372,571,	  345,459,	-74.0,82.7,53.2,	   0.731912434,9.783867413
159,	  372,571,	  346,458,	-73.6,82.6,53.4,	   0.843219638,12.42162932
160,	  372,571,	  347,458,	-73.3,82.5,53.4,	   0.997386813,14.23160154
161,	  372,571,	  348,458,	-73.0,82.4,53.4,	   1.003910303,16.03750748
162,	  372,571,	  349,458,	-72.8,82.3,53.4,	   0.999402523,17.28712
163,	  372,571,	  349,458,	-72.9,82.3,53.4,	   0.890608609,16.64310252
164,	  373,571,	  348,458,	-73.1,82.6,53.3,	   0.840859532,14.60844945
165,	  373,571,	  347,459,	-73.4,82.7,53.2,	   0.646199644,12.54979919
166,	  373,571,	  346,460,	-73.9,83,53.1,	   0.536700368,8.982035928
167,	  373,570,	  344,461,	-74.4,83.2,53,	   0.346316010,5.678209532
168,	  373,570,	  343,461,	-74.8,83.3,53,	   0.288460821,3.240961879
169,	  373,570,	  342,461,	-75.1,83.4,52.9,	   0.267492414,1.315334104
170,	  373,570,	  341,461,	-75.2,83.5,52.9,	   0.269885123,0.5847953216
171,	  373,570,	  341,461,	-75.3,83.5,52.9,	   0.274671823,0
172,	  373,570,	  341,461,	-75.2,83.5,53,	   0.320497662,0.8174644869
173,	  373,570,	  342,460,	-74.9,83.3,53.1,	   0.399593115,2.815505451
174,	  373,570,	  343,460,	-74.5,83,53.1,	   0.479651302,5.510657578
175,	  373,570,	  345,459,	-74.1,82.9,53.2,	   0.671182036,7.811208571
176,	  372,571,	  346,458,	-73.6,82.6,53.4,	   0.847346306,11.22859148
177,	  372,571,	  347,458,	-73.3,82.5,53.4,	   0.972174823,12.87240364
178,	  372,571,	  348,458,	-73.0,82.4,53.5,	   0.951065242,14.63217972
179,	  372,571,	  349,458,	-72.9,82.3,53.4,	   0.914595842,15.16371563
180,	  372,571,	  349,458,	-72.9,82.3,53.4,	   0.865432620,15.07993819
181,	  373,571,	  348,458,	-73.1,82.6,53.4,	   0.763594449,13.34610747
182,	  373,571,	  347,459,	-73.4,82.7,53.3,	   0.662611783,11.47540984
183,	  373,570,	  346,460,	-73.9,83,53.1,	   0.435753495,8.152173913
184,	  373,570,	  344,461,	-74.4,83.2,53,	   0.329868257,5.156428116
185,	  373,570,	  343,461,	-74.7,83.3,53,	   0.269608468,3.442539913
186,	  373,570,	  342,461,	-75.0,83.4,52.9,	   0.263904721,1.691057572
187,	  373,570,	  341,461,	-75.2,83.5,52.9,	   0.269885123,0.5319148936
188,	  373,570,	  341,461,	-75.2,83.5,52.9,	   0.272278011,0.5291005291
189,	  373,570,	  342,461,	-75.1,83.5,53,	   0.301632404,1.176877883
190,	  373,570,	  342,460,	-74.9,83.3,53,	   0.408420533,2.399254291
191,	  373,571,	  343,460,	-74.6,83.2,53,	   0.546842039,4.000596744
192,	  373,571,	  345,459,	-74.0,82.9,53.2,	   0.692768097,7.579657429
193,	  372,571,	  346,458,	-73.6,82.6,53.3,	   0.904919505,10.12725913
194,	  372,571,	  347,458,	-73.3,82.5,53.4,	   0.946978390,11.75019409
195,	  372,571,	  348,458,	-72.9,82.4,53.4,	   0.976245940,13.7092131
196,	  372,571,	  349,458,	-72.8,82.3,53.5,	   0.970086217,14.40229539
197,	  373,571,	  349,458,	-72.8,82.4,53.4,	   0.910001755,14.02368018
198,	  373,571,	  348,458,	-73.0,82.6,53.3,	   0.837184787,12.5728603
199,	  373,571,	  348,458,	-73.2,82.7,53.3,	   0.753290534,11.41271221
200,	  373,570,	  347,459,	-73.5,82.7,53.3,	   0.589403570,9.99987624
201,	  373,570,	  346,459,	-73.7,82.9,53.3,	   0.505294383,8.688083552
202,	  373,570,	  345,460,	-74.1,83,53.2,	   0.434104204,6.572248307
203,	  373,570,	  344,460,	-74.3,83,53.2,	   0.232834682,5.674429854
204,	  373,569,	  344,461,	-74.5,83.2,53.2,	   0.107259944,4.417261043
205,	  373,569,	  343,461,	-74.6,83.2,53.3,	   0.075539201,4.175886052
206,	  373,569,	  343,461,	-74.6,83.1,53.2,	   0.022032514,4.155712689
207,	  373,569,	  342,461,	-74.9,83.3,53.3,	   0.099050693,2.884615385
208,	  373,568,	  342,458,	-74.9,83.2,53.7,	   0.269355178,4.51386657
209,	  372,568,	  342,458,	-75.0,83.1,53.8,	   0.286886007,4.90268102
210,	  372,568,	  342,457,	-75.0,83.1,53.9,	   0.400350392,5.298739283
211,	  372,568,	  341,457,	-75.1,83,54,	   0.284983486,5.77709845
212,	  372,567,	  341,457,	-75.1,83,54.1,	   0.233173460,6.175092224
213,	  372,567,	  341,457,	-75.1,83,54.2,	   0.248411268,6.575349196
214,	  372,567,	  340,456,	-75.3,83,54.4,	   0.352854341,7.354134093
215,	  372,566,	  341,456,	-75.2,82.8,54.4,	   0.299684137,7.6773722
216,	  371,566,	  340,455,	-75.3,82.7,54.6,	   0.276504487,8.658200105
217,	  371,566,	  340,455,	-75.2,82.8,54.6,	   0.319389462,8.445849835
218,	  371,566,	  340,455,	-75.5,82.8,54.7,	   0.238200083,8.865976182
219,	  371,566,	  340,454,	-75.4,82.6,54.9,	   0.451087266,9.979317455
220,	  371,565,	  340,454,	-75.3,82.6,54.9,	   0.209515527,9.923851674
221,	  371,565,	  340,454,	-75.4,82.5,54.9,	   0.303949147,10.08244562
222,	  371,565,	  340,454,	-75.3,82.4,55.1,	   0.127416685,11.02993173
223,	  370,565,	  340,454,	-75.2,82.3,55.1,	   0.154207423,11.19637161
224,	  370,564,	  339,451,	-75.5,82.4,55.6,	   0.561818182,12.98812373
225,	  370,564,	  339,453,	-75.3,82.2,55.3,	   0.144383565,12.07729563
226,	  370,565,	  334,462,	-77.2,82.9,53.8,	   1.068059802,9.631370533
227,	  370,564,	  333,463,	-77.5,82.7,53.9,	   1.366375327,11.16484391
228,	  370,564,	  332,463,	-77.6,82.8,53.9,	   1.447053075,11.37049482
229,	  370,564,	  332,462,	-77.8,82.8,54,	   1.308443546,12.25901929
230,	  369,563,	  331,462,	-77.9,82.7,54.3,	   1.572850466,13.24420653
231,	  369,563,	  330,462,	-78.3,82.9,54.1,	   1.464677095,14.16523856
232,	  369,563,	  329,462,	-78.4,82.9,54.1,	   1.510418773,14.49729249
233,	  369,563,	  329,462,	-78.4,82.8,54.2,	   1.438478470,14.67374762
234,	  369,562,	  329,462,	-78.5,82.8,54.3,	   1.674625278,15.15873458
235,	  369,563,	  328,463,	-78.7,82.7,54.1,	   1.570736647,15.64930959
236,	  369,563,	  328,462,	-78.8,82.8,54.1,	   1.548782110,15.88875138
237,	  368,563,	  327,462,	-78.9,82.6,54.2,	   1.402998090,16.520675
238,	  368,562,	  326,461,	-79.2,82.7,54.4,	   1.693986297,17.80087647
239,	  368,562,	  325,462,	-79.5,82.8,54.3,	   1.779523492,18.67577903
240,	  368,562,	  325,462,	-79.5,82.8,54.4,	   1.692814350,18.73203874
241,	  368,562,	  325,462,	-79.5,82.8,54.4,	   1.695746541,18.65463362
242,	  368,562,	  325,462,	-79.6,82.6,54.4,	   1.748307943,19.10369447
243,	  368,562,	  324,463,	-79.8,82.7,54.2,	   1.873139262,19.47476126
244,	  368,561,	  324,462,	-79.9,82.8,54.4,	   1.832448006,19.95413316
245,	  367,561,	  323,462,	-79.9,82.6,54.5,	   1.804723382,20.13323983
246,	  367,562,	  322,462,	-80.3,82.7,54.3,	   1.584862471,21.26951504
247,	  367,561,	  321,462,	-80.6,82.7,54.4,	   1.826027632,22.44341944
248,	  367,561,	  321,462,	-80.6,82.8,54.4,	   1.758714914,22.29910412
249,	  367,561,	  321,461,	-80.6,82.6,54.6,	   1.843625665,22.55304857
250,	  367,560,	  320,462,	-80.8,82.7,54.6,	   2.099246264,23.15560333
251,	  366,560,	  320,463,	-80.9,82.5,54.5,	   2.218083858,23.44966143
252,	  366,560,	  320,462,	-81.0,82.5,54.6,	   2.064004660,23.84025115
253,	  366,560,	  319,462,	-81.2,82.6,54.6,	   2.040047407,24.43166375
254,	  366,560,	  318,462,	-81.4,82.6,54.6,	   2.175951481,25.08271591
255,	  366,560,	  317,462,	-81.7,82.8,54.6,	   2.165455103,26.01104971
256,	  366,559,	  317,462,	-81.7,82.7,54.8,	   2.258258820,26.16279451
257,	  366,559,	  337,447,	-75.6,80.6,57.3,	   0.045817088,20.45836158
258,	  366,558,	  337,445,	-75.5,80.4,57.6,	   0.112873785,21.75222552
259,	  365,559,	  336,446,	-75.6,80.3,57.4,	   0.148133382,21.26891779
260,	  365,559,	  336,445,	-75.6,80.2,57.5,	   0.313373625,21.7211307
261,	  365,558,	  337,445,	-75.3,79.9,57.7,	   0.160558820,22.90076336
262,	  365,559,	  337,445,	-75.3,80.1,57.7,	   0.258328289,22.36568999
263,	  365,559,	  336,444,	-75.5,80,57.8,	   0.358665019,22.82177323
264,	  365,559,	  336,444,	-75.7,80,57.8,	   0.364564836,22.77320192
265,	  365,558,	  336,444,	-75.7,80,58,	   0.193788737,23.30220634
266,	  365,558,	  336,444,	-75.7,80.1,58,	   0.192189887,23.00552461
267,	  364,558,	  336,443,	-75.6,79.8,58.2,	   0.315027624,24.14441495
268,	  364,557,	  336,443,	-75.5,79.5,58.2,	   0.265048325,24.69532146
269,	  364,558,	  335,443,	-75.6,79.6,58.2,	   0.376673430,24.3966986
270,	  364,558,	  336,442,	-75.5,79.5,58.3,	   0.453635097,24.80846688
271,	  364,557,	  335,441,	-75.7,79.8,58.4,	   0.422330022,24.4146437
272,	  364,557,	  335,442,	-75.8,79.7,58.4,	   0.422099411,24.55578866
273,	  364,556,	  335,442,	-75.8,79.7,58.5,	   0.252652794,24.76647822
274,	  364,557,	  335,441,	-75.8,79.7,58.6,	   0.375976264,24.97734511
275,	  363,556,	  335,441,	-75.7,79.4,58.8,	   0.340824544,26.07185553
276,	  363,556,	  308,462,	-84.2,82.3,55.2,	   2.907319307,33.46708645
277,	  363,556,	  335,440,	-75.7,79.4,59,	   0.295092493,26.47736147
278,	  363,555,	  306,462,	-84.9,82.6,55.4,	   3.144266605,35.70223531
279,	  363,555,	  305,462,	-85.0,82.4,55.4,	   3.061022043,35.99000712
280,	  363,555,	  305,461,	-85.0,82.5,55.5,	   3.093111277,35.91486156
281,	  363,555,	  304,462,	-85.2,82.5,55.5,	   3.232587099,36.46969606
282,	  362,554,	  304,462,	-85.4,82.5,55.5,	   3.342772007,37.02161811
283,	  363,554,	  304,462,	-85.4,82.6,55.6,	   3.373937368,36.94834935
284,	  362,554,	  304,462,	-85.3,82.2,55.7,	   3.486818075,36.72160746
285,	  362,554,	  303,462,	-85.6,82.4,55.6,	   3.515335083,37.42892265
286,	  362,554,	  302,462,	-85.9,82.5,55.6,	   3.489954233,38.27205362
287,	  362,554,	  301,462,	-86.0,82.5,55.7,	   3.377982855,38.56043087
288,	  362,553,	  301,461,	-86.1,82.5,55.8,	   3.364112854,38.84843985
289,	  362,553,	  334,436,	-75.8,79,60.1,	   0.151981533,29.32859472
290,	  362,553,	  334,437,	-75.8,78.8,60.1,	   0.144164369,29.59718625
291,	  362,553,	  333,437,	-76.0,78.9,60.1,	   0.148406997,29.35832489
292,	  362,553,	  334,436,	-75.7,78.8,60.1,	   0.247080252,29.37732021
293,	  361,552,	  333,436,	-76.0,78.8,60.2,	   0.262957424,29.62700233
294,	  362,552,	  333,436,	-76.1,79,60.3,	   0.192318410,29.48373168
295,	  361,552,	  333,436,	-76.1,78.9,60.3,	   0.128572240,29.56032818
296,	  361,552,	  319,415,	-79.9,80.2,62.8,	   3.581533194,38.3986031
297,	  361,552,	  333,435,	-76.0,78.7,60.5,	   0.238421738,30.25535811
298,	  361,551,	  333,435,	-76.0,78.6,60.5,	   0.198773474,30.33354473
299,	  361,551,	  318,414,	-80.2,80.3,63,	   3.631912231,38.91015292
300,	  361,551,	  332,433,	-76.1,78.5,60.8,	   0.302667052,31.17440581
301,	  361,551,	  318,413,	-80.1,80.1,63.2,	   3.775165796,39.27576672
302,	  360,550,	  332,433,	-76.0,78.2,61.1,	   0.125400454,32.30616856
303,	  360,550,	  332,433,	-76.0,78.2,61.1,	   0.125400454,32.19989827
304,	  360,550,	  332,433,	-76.0,78.2,61.1,	   0.141696006,32.09432484
305,	  360,550,	  332,433,	-76.0,78.2,61.1,	   0.206871599,31.98944142
306,	  360,550,	  332,432,	-76.2,78.3,61.3,	   0.166437238,32.31329463
307,	  360,550,	  332,432,	-76.1,78,61.3,	   0.174338609,32.70207492
308,	  360,550,	  332,432,	-76.1,78,61.3,	   0.174338609,32.59624296
309,	  360,550,	  331,432,	-76.3,78.2,61.3,	   0.286467940,32.20156342
310,	  360,549,	  332,431,	-76.1,78.1,61.5,	   0.161850095,32.75326451
311,	  360,549,	  332,431,	-76.1,78.1,61.5,	   0.209561139,32.6482861
312,	  359,549,	  331,431,	-76.2,77.9,61.7,	   0.180744261,33.44881614
313,	  359,549,	  331,431,	-76.2,77.9,61.7,	   0.180744261,33.34229125
314,	  359,549,	  331,430,	-76.3,77.9,61.8,	   0.267946303,33.53228609
315,	  359,548,	  331,430,	-76.3,77.9,61.9,	   0.141751021,33.69324469
316,	  359,548,	  331,430,	-76.1,77.7,62,	   0.223356485,34.13505766
317,	  359,548,	  331,430,	-76.3,77.7,62.1,	   0.101819411,34.34446023
318,	  359,547,	  330,429,	-76.3,77.8,62.1,	   0.083219796,34.07135605
319,	  359,547,	  331,429,	-76.2,77.7,62.2,	   0.128961191,34.36647622
320,	  358,547,	  330,429,	-76.3,77.5,62.3,	   0.154233932,34.87983801
321,	  359,547,	  330,429,	-76.6,77.8,62.3,	   0.075345799,34.37819465
322,	  358,547,	  330,429,	-76.2,77.2,62.3,	   0.143083677,35.14443301
323,	  358,547,	  330,428,	-76.4,77.5,62.5,	   0.124234870,35.10522645
324,	  358,547,	  330,428,	-76.4,77.3,62.6,	   0.203910515,35.58338819
325,	  358,547,	  330,428,	-76.4,77.3,62.6,	   0.203910515,35.47423669
326,	  358,546,	  330,427,	-76.3,77.3,62.7,	   0.135621697,35.59506918
327,	  358,546,	  330,427,	-76.4,77.4,62.7,	   0.157621965,35.35270992
328,	  357,546,	  329,427,	-76.5,77.1,62.7,	   0.188444167,35.76307861
329,	  357,546,	  330,427,	-76.3,77.1,62.8,	   0.246575847,35.85118717
330,	  357,546,	  329,426,	-76.5,77.1,62.8,	   0.318532139,35.79901076
331,	  357,545,	  329,426,	-76.5,77.1,63.1,	   0.082500607,36.44951689
332,	  357,545,	  329,426,	-76.5,77.1,63.1,	   0.098762065,36.34005888
333,	  357,546,	  329,425,	-76.4,76.9,63.1,	   0.403669477,36.52326476
334,	  357,545,	  329,425,	-76.4,76.9,63.3,	   0.126241058,36.91488648
335,	  357,545,	  329,425,	-76.4,76.9,63.3,	   0.141037643,36.80502075
336,	  357,545,	  329,425,	-76.6,77,63.4,	   0.211782292,36.84666648
337,	  356,544,	  329,424,	-76.5,76.7,63.6,	   0.175590262,37.67632704
338,	  356,545,	  329,424,	-76.5,76.8,63.4,	   0.324034065,36.91207386
339,	  356,543,	  328,424,	-76.6,76.8,63.7,	   0.072387569,37.57575969
340,	  356,543,	  328,423,	-76.7,76.8,63.8,	   0.189569265,37.74456717
341,	  356,544,	  328,423,	-76.6,76.5,63.8,	   0.224841893,38.0678847
342,	  356,544,	  328,423,	-76.6,76.5,63.8,	   0.224841893,37.95689961
343,	  356,544,	  328,423,	-76.6,76.5,63.9,	   0.306037664,38.09027058
344,	  356,544,	  328,423,	-76.6,76.5,63.8,	   0.331251591,37.73685961
345,	  355,543,	  328,422,	-76.7,76.5,64,	   0.243078381,38.14262491
346,	  355,543,	  328,422,	-76.6,76.3,64,	   0.273995936,38.31227581
347,	  356,543,	  328,422,	-76.7,76.7,64.2,	   0.217678443,38.110209
348,	  355,543,	  328,421,	-76.6,76.3,64.3,	   0.334293455,38.81331826
349,	  355,543,	  328,421,	-76.5,76.1,64.3,	   0.341357052,38.98298949
350,	  355,542,	  328,421,	-76.5,76.1,64.4,	   0.206327647,39.11028263
351,	  355,542,	  327,421,	-76.7,76.2,64.4,	   0.195535183,38.90074982
352,	  355,542,	  327,420,	-76.7,76.2,64.6,	   0.215501904,39.26758457
353,	  355,541,	  327,420,	-76.7,76.2,64.7,	   0.105636247,39.39538745
354,	  354,541,	  327,420,	-76.7,76,64.7,	   0.210755974,39.58222617
355,	  354,541,	  327,420,	-76.7,75.8,64.9,	   0.156146079,40.24311456
356,	  354,542,	  327,420,	-76.8,76,64.7,	   0.332065463,39.38937128
357,	  354,541,	  327,420,	-76.5,75.6,64.9,	   0.075133152,40.27096047
358,	  354,541,	  327,419,	-76.7,75.7,65,	   0.162998185,40.28995396
359,	  354,540,	  327,419,	-76.8,75.9,65.1,	   0.109851189,40.14345418
360,	  354,540,	  327,419,	-76.7,75.7,65.2,	   0.116880789,40.53134253
361,	  354,540,	  327,418,	-76.7,75.8,65.2,	   0.149039686,40.27279464
362,	  354,539,	  326,418,	-76.9,76,65.3,	   0.022626389,40.16468463
363,	  353,540,	  326,418,	-76.8,75.6,65.3,	   0.133328661,40.60175607
364,	  354,540,	  326,418,	-76.9,75.8,65.2,	   0.246200576,39.99812343
365,	  353,540,	  326,418,	-76.7,75.3,65.4,	   0.173718274,41.02456969
366,	  353,540,	  326,417,	-76.8,75.3,65.4,	   0.233592167,40.93909106
367,	  353,538,	  326,417,	-77.0,75.6,65.7,	   0.025284244,41.13416026
368,	  353,539,	  326,417,	-76.8,75.3,65.7,	   0.069748007,41.39605205
369,	  353,539,	  326,416,	-76.9,75.3,65.8,	   0.170344517,41.53817539
370,	  353,539,	  326,416,	-76.8,75.3,65.8,	   0.169209599,41.39902002
371,	  353,539,	  326,416,	-76.8,75.3,65.8,	   0.169209599,41.28773233
372,	  353,539,	  326,416,	-76.9,75.4,65.8,	   0.225192770,41.0616748
373,	  352,538,	  326,416,	-76.8,75.1,65.9,	   0.067449301,41.57818491
374,	  353,538,	  325,416,	-77.0,75.4,66,	   0.037735723,41.32128857
375,	  352,538,	  325,415,	-77.1,75.2,66,	   0.224539548,41.52174132
376,	  352,538,	  325,415,	-77.1,75.2,66,	   0.224539548,41.41160408
377,	  352,538,	  325,415,	-76.9,75.2,66.2,	   0.173793450,41.68996577
378,	  352,537,	  325,414,	-77.0,75.2,66.3,	   0.083535619,41.83035934
379,	  352,537,	  325,414,	-77.0,75,66.4,	   0.141231924,42.21941762
380,	  352,537,	  325,414,	-77.0,75,66.4,	   0.139862925,42.1086055
381,	  351,537,	  325,414,	-76.9,74.7,66.5,	   0.227844447,42.61149728
382,	  351,537,	  325,414,	-76.9,74.7,66.5,	   0.227844447,42.5002401
383,	  351,537,	  325,413,	-76.9,74.7,66.6,	   0.135348186,42.60738196
384,	  351,537,	  324,413,	-77.1,74.8,66.6,	   0.214748114,42.41169529
385,	  351,536,	  324,413,	-77.1,74.8,66.7,	   0.079703808,42.51941772
386,	  351,536,	  324,413,	-77.0,74.5,66.8,	   0.151221871,43.01374913
387,	  351,536,	  324,413,	-77.1,74.8,66.8,	   0.144439057,42.51718126
388,	  351,536,	  324,412,	-77.0,74.5,66.9,	   0.232096180,43.00748928
389,	  351,536,	  324,411,	-77.0,74.6,67.1,	   0.201807082,43.19124025
390,	  351,536,	  324,412,	-77.2,74.6,67,	   0.191285044,42.92029519
391,	  351,535,	  324,412,	-77.2,74.6,67.1,	   0.065253645,43.02536228
392,	  351,535,	  324,412,	-77.2,74.6,67.1,	   0.065253645,42.91588299
393,	  350,535,	  324,411,	-77.1,74.4,67.2,	   0.154220328,43.26201507
394,	  350,535,	  323,411,	-77.2,74.3,67.3,	   0.151838601,43.52737381
395,	  350,535,	  323,411,	-77.1,74.2,67.3,	   0.116132051,43.52600734
396,	  350,535,	  323,411,	-77.2,74.5,67.4,	   0.113360628,43.25311838
397,	  350,534,	  324,411,	-77.0,74.3,67.5,	   0.036416817,43.56888246
398,	  350,534,	  323,411,	-77.2,74.2,67.5,	   0.004567081,43.64501727
399,	  350,535,	  323,410,	-77.2,74.2,67.5,	   0.227427080,43.53590472
400,	  349,534,	  323,410,	-77.1,73.9,67.6,	   0.082955875,44.01266657
401,	  349,534,	  353,397,	-68.1,70.8,70,	   1.901297092,55.93088728
402,	  349,534,	  355,398,	-67.4,70.5,69.8,	   1.603023052,56.42201935
403,	  350,534,	  353,395,	-68.2,71.2,70.2,	   1.955568194,55.4029849
404,	  350,534,	  354,397,	-67.7,70.9,70.1,	   1.745826840,55.88980383
405,	  350,534,	  355,396,	-67.5,70.9,70.2,	   1.820354462,56.10629837
406,	  349,533,	  353,396,	-68.1,70.8,70.3,	   1.812637329,55.80641773
407,	  349,533,	  354,397,	-67.7,70.4,70.3,	   1.442636251,56.53907629
408,	  349,534,	  355,396,	-67.5,70.4,70.2,	   1.966109395,56.38016696
409,	  349,533,	  352,395,	-68.3,70.6,70.5,	   1.988908291,55.89411678
410,	  367,532,	  354,396,	-70.0,78.8,69.9,	   1.266426921,44.80982998
411,	  349,533,	  351,395,	-68.5,71,70.5,	   1.842715025,54.93432183
412,	  348,532,	  353,395,	-67.9,70.3,70.7,	   1.730450273,56.56953742
413,	  349,532,	  353,395,	-67.9,70.5,70.7,	   1.546686769,56.16136821
414,	  348,532,	  352,394,	-68.1,70.1,70.9,	   1.785208821,56.78777344
415,	  366,531,	  352,394,	-70.6,78.6,70.4,	   1.456973433,45.12256792
416,	  366,529,	  350,393,	-71.1,78.9,70.8,	   1.186643362,45.45044652
417,	  366,530,	  351,393,	-70.8,78.9,70.7,	   1.166742325,45.28108428
418,	  365,530,	  353,393,	-70.2,78,70.9,	   1.247012138,46.53999143
419,	  348,531,	  350,393,	-68.5,70.3,71.1,	   1.794996858,55.92552547
420,	  347,531,	  351,393,	-68.5,70.2,71.1,	   1.737268567,55.92651586
421,	  347,531,	  351,392,	-68.5,70.2,71.2,	   1.866377950,55.97736245
422,	  347,531,	  352,392,	-68.0,69.7,71.4,	   1.785494447,57.22700656
423,	  347,531,	  350,391,	-68.6,69.9,71.4,	   1.929112792,56.41182075
424,	  347,531,	  351,392,	-68.4,70.1,71.4,	   1.871219039,56.14711275
425,	  347,530,	  352,392,	-68.1,69.9,71.5,	   1.723331571,56.66765852
426,	  347,530,	  349,391,	-68.8,70,71.6,	   1.932884216,56.11770959
427,	  346,530,	  350,391,	-68.6,69.7,71.7,	   1.808641434,56.6929515
428,	  346,530,	  350,391,	-68.6,69.7,71.7,	   1.808641434,56.5608001
429,	  347,530,	  351,391,	-68.2,69.8,71.7,	   1.752589345,56.56184963
430,	  346,530,	  351,391,	-68.1,69.5,71.7,	   1.783845425,56.89329791
431,	  346,529,	  349,390,	-68.9,69.9,71.8,	   1.951040149,55.89834447
432,	  346,529,	  350,390,	-68.4,69.6,71.9,	   1.774063587,56.65593509
433,	  346,529,	  349,389,	-68.6,69.5,72,	   1.933847070,56.70731143
434,	  346,529,	  350,389,	-68.6,69.7,72.1,	   1.781954408,56.4960945
435,	  346,529,	  350,389,	-68.6,69.7,72.1,	   1.781954408,56.3665163
436,	  346,529,	  350,389,	-68.5,69.4,72.1,	   1.804252625,56.6882547
437,	  364,528,	  350,389,	-70.9,78,71.7,	   1.397653222,45.83585662
438,	  365,528,	  349,389,	-71.1,78.4,71.7,	   1.455787539,45.39206652
439,	  364,527,	  350,388,	-70.8,77.8,72,	   1.250649571,46.44100052
440,	  346,528,	  349,388,	-68.8,69.8,72.4,	   1.875954866,56.01366034
441,	  345,528,	  348,388,	-68.9,69.5,72.5,	   1.886319399,56.38524704
442,	  345,528,	  348,388,	-68.9,69.4,72.5,	   1.818738699,56.38508089
443,	  345,527,	  348,387,	-69.0,69.2,72.7,	   1.807922482,56.80946359
444,	  345,527,	  348,387,	-69.0,69.2,72.7,	   1.807922482,56.68180187
445,	  345,527,	  348,387,	-69.0,69.2,72.7,	   1.807922482,56.55471263
446,	  345,527,	  347,387,	-69.1,69.2,72.8,	   1.868131757,56.5486857
447,	  345,527,	  347,387,	-69.2,69.2,72.7,	   1.871704817,56.19239539
448,	  345,527,	  347,387,	-69.1,69.3,72.7,	   1.869459629,55.99553839
449,	  344,527,	  347,386,	-69.2,69,72.9,	   1.835943937,56.54496736
450,	  345,527,	  346,386,	-69.4,69.5,72.9,	   1.865151644,55.68942616
451,	  344,526,	  346,386,	-69.3,68.9,73.1,	   1.803704381,56.71662016
452,	  344,527,	  334,382,	-72.8,70.4,73.2,	   2.621666431,53.61785066
453,	  344,526,	  345,385,	-69.6,69.1,73.1,	   1.964670420,56.065382
454,	  344,526,	  345,385,	-69.5,69,73.2,	   1.971442938,56.29034398
455,	  344,526,	  345,384,	-69.5,69,73.2,	   2.020110607,56.16690025
456,	  344,526,	  346,385,	-69.3,68.9,73.2,	   1.963079453,56.26866902
457,	  344,526,	  345,384,	-69.5,69,73.3,	   2.051761150,56.09484337
458,	  358,506,	  345,384,	-71.6,75.5,76.8,	   3.034747124,55.49785546
459,	  357,506,	  339,374,	-73.2,75.8,78,	   1.383977771,57.25733705
460,	  354,504,	  345,384,	-71.1,73.9,77.5,	   3.582583904,58.00159641
461,	  358,503,	  345,384,	-71.6,75.6,77.5,	   3.755643845,56.49557973
462,	  354,504,	  345,383,	-71.3,74,77.6,	   3.497324705,57.80675759
463,	  355,504,	  344,383,	-71.4,74.1,77.6,	   3.478277922,57.57417152
464,	  357,502,	  344,382,	-71.8,75.2,77.9,	   3.771811485,57.14687068
465,	  358,501,	  344,382,	-72.0,75.5,78,	   3.942975521,56.97414789
466,	  356,502,	  344,382,	-71.6,74.6,77.9,	   3.622636318,57.37399564
467,	  358,501,	  344,382,	-71.9,75.6,78.2,	   4.061243534,57.09807934
468,	  358,502,	  344,382,	-71.9,75.7,77.9,	   3.738402605,56.30774418
469,	  359,501,	  344,381,	-72.0,76,78.2,	   3.918525219,56.58254525
470,	  362,522,	  344,381,	-72.3,77.6,73.9,	   1.268314719,46.74819829
471,	  361,522,	  345,382,	-72.0,77.2,73.9,	   1.154341817,46.97373614
472,	  361,522,	  345,381,	-72.0,77.2,74,	   1.234908700,47.07471948
473,	  362,522,	  346,382,	-71.7,77.3,73.8,	   1.242723227,46.61492542
474,	  361,522,	  346,382,	-71.7,77.1,73.9,	   1.140384197,46.8353632
475,	  361,522,	  347,382,	-71.3,76.9,73.9,	   1.044826269,47.00251734
476,	  361,522,	  347,382,	-71.3,76.9,73.9,	   1.044826269,46.90397956
477,	  361,522,	  348,381,	-71.0,76.9,74,	   1.128795028,47.11806122
478,	  361,522,	  349,383,	-70.7,76.6,73.8,	   0.991795599,46.94176656
479,	  362,521,	  349,382,	-71.0,77.1,74,	   0.894118547,46.801331
480,	  362,520,	  349,383,	-71.0,77.1,74.1,	   0.638990343,46.8993563
481,	  361,521,	  379,367,	-61.7,73.6,76.7,	   2.869833469,60.46605664
482,	  361,521,	  379,367,	-61.6,73.5,76.7,	   2.854532480,60.50828688
483,	  361,521,	  378,367,	-62.0,73.6,76.7,	   2.868110657,59.92946586
484,	  361,521,	  378,367,	-62.0,73.6,76.7,	   2.868110657,59.80589995
485,	  364,520,	  377,366,	-62.7,75.1,76.8,	   2.925840378,58.21736391
486,	  357,503,	  381,340,	-60.5,71.3,83.9,	   2.634963751,74.85381188
487,	  358,501,	  377,327,	-61.5,72.1,85.8,	   4.425870895,76.75021567
488,	  357,504,	  376,327,	-61.8,71.8,85.4,	   5.089870930,75.84100373
489,	  357,504,	  375,327,	-61.9,71.9,85.4,	   5.079512596,75.54797731
490,	  357,505,	  374,325,	-62.3,72.1,85.4,	   5.674910545,74.97592055
491,	  357,506,	  377,327,	-61.4,71.5,84.9,	   5.528798103,74.98898282
492,	  357,506,	  374,323,	-62.2,71.8,85.4,	   6.093860626,74.93412358
493,	  357,506,	  375,326,	-61.8,71.7,85.1,	   5.681408405,74.60633352
494,	  357,508,	  374,325,	-62.2,71.9,84.7,	   6.466087341,73.32554151
495,	  360,507,	  374,325,	-62.6,73.2,84.9,	   6.154989243,72.45116138
496,	  357,507,	  375,326,	-61.8,71.7,84.9,	   5.924368382,73.80467097
497,	  355,508,	  374,325,	-62.1,71.3,84.9,	   6.414730072,73.69997684
498,	  357,506,	  374,325,	-62.3,72,85.1,	   5.960522175,73.30643792
499,	  355,509,	  374,325,	-62.0,71.3,84.6,	   6.640286922,72.9553288
500,	  356,509,	  374,325,	-62.1,71.7,84.6,	   6.635466099,72.4737828
501,	  357,512,	  374,325,	-62.1,71.8,83.9,	   7.493896008,71.04966427
502,	  357,514,	  374,325,	-62.0,71.8,83.6,	   7.857743740,70.46500862
503,	  358,508,	  373,324,	-62.7,72.6,84.9,	   6.576751232,71.58190113
504,	  358,508,	  374,325,	-62.3,72.4,84.8,	   6.369960308,71.66620881
505,	  358,508,	  374,325,	-62.3,72.3,84.6,	   6.542292595,71.23758958
506,	  358,509,	  374,325,	-62.3,72.3,84.4,	   6.802647591,70.75041693
507,	  358,509,	  374,325,	-62.3,72.4,84.5,	   6.780710697,70.72300724
508,	  358,509,	  374,325,	-62.3,72.4,84.5,	   6.688069344,70.58406224
509,	  358,508,	  373,324,	-62.7,72.6,84.8,	   6.650211811,70.56590061
510,	  355,511,	  373,324,	-62.3,71.4,84.4,	   7.318768024,70.76630494
511,	  357,509,	  374,325,	-62.2,71.8,84.4,	   6.763562679,70.44123415
512,	  357,509,	  374,324,	-62.2,71.8,84.6,	   6.981555939,70.64468411
513,	  357,510,	  374,325,	-62.0,71.8,84.3,	   7.063586712,70.13989693
514,	  357,510,	  374,325,	-62.1,71.8,84.3,	   6.936007500,69.93230234
515,	  357,510,	  375,326,	-61.8,71.8,84.3,	   6.655974865,70.0119531
516,	  357,510,	  375,325,	-62.0,71.9,84.4,	   6.883953571,69.83904461
517,	  356,510,	  375,325,	-61.8,71.2,84.4,	   6.810265541,70.29227667
518,	  353,514,	  375,325,	-61.3,70.2,83.7,	   7.785888672,70.04403484
519,	  353,514,	  375,326,	-61.3,70.2,83.6,	   7.708126068,69.74647666
520,	  352,514,	  376,326,	-61.0,69.6,83.6,	   7.703607559,70.26603752
521,	  354,513,	  376,326,	-61.3,70.4,83.7,	   7.576718330,69.50222197
522,	  354,513,	  376,326,	-61.3,70.4,83.8,	   7.454740047,69.53172687
523,	  354,513,	  376,326,	-61.1,70.4,83.7,	   7.442503452,69.38512445
524,	  354,512,	  376,326,	-61.1,70.2,83.9,	   7.248983860,69.71350507
525,	  354,508,	  376,326,	-61.2,70.4,84.7,	   6.150323868,70.66670604
526,	  354,507,	  377,326,	-61.0,70.3,85,	   5.960677624,71.23057601
527,	  353,508,	  378,328,	-60.4,69.6,84.4,	   6.000061989,71.05352867
528,	  352,509,	  377,325,	-60.7,69.2,84.5,	   6.708463192,71.13906557
529,	  350,512,	  377,327,	-60.4,68.6,83.9,	   6.967509747,70.72376682
530,	  351,512,	  377,326,	-60.4,68.7,84.1,	   7.200108051,70.82807193
531,	  348,512,	  377,325,	-60.3,67.7,84.3,	   7.369461536,71.8379641
532,	  352,511,	  379,328,	-59.9,68.9,83.9,	   6.646078110,70.48318795
533,	  349,511,	  379,328,	-59.5,67.5,84,	   6.679866791,71.86840434
534,	  352,512,	  379,327,	-60.1,69,83.9,	   7.099990368,69.99469678
535,	  364,514,	  379,327,	-61.6,74.7,83.1,	   7.572879791,64.01102818
536,	  379,506,	  378,326,	-63.7,81.6,84.5,	   5.688261032,62.78477977
537,	  379,504,	  379,326,	-63.6,81.5,84.7,	   5.255861759,63.09115339
538,	  380,506,	  382,327,	-62.9,81.8,84.4,	   5.336129665,62.88576516
539,	  380,506,	  378,326,	-63.8,82.1,84.5,	   5.654122353,62.32712718
540,	  379,506,	  380,326,	-63.2,81.4,84.6,	   5.615308762,62.83869691
541,	  395,506,	  381,327,	-65.0,88.9,84,	   5.331819534,61.26072525
542,	  394,506,	  381,327,	-64.9,88.6,84,	   5.319088936,61.11794782
543,	  394,506,	  380,326,	-65.1,88.6,84.1,	   5.522212982,61.06400729
544,	  394,506,	  381,326,	-64.8,88.5,84.1,	   5.427101135,61.09540709
545,	  409,493,	  381,326,	-66.9,95.5,86.2,	   2.180911064,66.62866727
546,	  409,493,	  381,324,	-67.0,95.6,86.4,	   2.450702429,66.86020233
547,	  408,496,	  380,326,	-66.8,94.9,85.7,	   3.013804436,65.23690725
548,	  408,496,	  382,326,	-66.4,94.8,85.7,	   2.927844763,65.23744961
549,	  406,496,	  382,324,	-66.3,94.3,86,	   3.153261662,65.38506413
550,	  407,496,	  381,326,	-66.5,94.6,85.8,	   2.945391655,65.00876028
551,	  407,495,	  381,326,	-66.5,94.6,85.9,	   2.821548462,65.05742257
552,	  407,496,	  383,326,	-66.1,94.5,85.8,	   3.006576777,64.89948188
553,	  407,495,	  383,326,	-66.1,94.2,85.9,	   2.809434652,64.78434657
554,	  393,486,	  377,302,	-65.6,88.1,91.2,	   4.656806946,71.66869098
555,	  393,488,	  374,276,	-66.2,88.3,94.1,	   9.215251923,76.37619099
556,	  393,488,	  374,277,	-66.2,88.3,94.1,	   9.195926666,76.23907036
557,	  393,488,	  375,277,	-65.9,88.2,94.1,	   9.150962830,76.19944398
558,	  393,489,	  375,277,	-65.9,88.2,93.9,	   9.330550194,75.71650128
559,	  393,489,	  375,275,	-65.8,88.2,94.3,	   9.652109146,76.31291316
560,	  393,489,	  379,297,	-65.0,87.9,91.4,	   6.088231564,71.47261048
561,	  393,489,	  380,300,	-64.8,87.8,91,	   5.589479446,70.73597186
562,	  393,489,	  379,281,	-64.7,87.7,93.4,	   8.603199959,74.73239604
563,	  393,489,	  379,280,	-64.7,87.8,93.6,	   8.829055786,74.95912069
564,	  393,489,	  379,277,	-64.8,87.9,93.9,	   9.241435051,75.31197027
565,	  393,489,	  369,259,	-67.4,88.8,96.2,	  12.339011192,78.32635918
566,	  391,489,	  376,267,	-65.3,87.5,95.3,	  10.910632133,77.15439633
567,	  392,488,	  375,265,	-65.6,87.8,95.6,	  11.031616211,77.46218786
568,	  392,488,	  370,258,	-67.1,88.4,96.6,	  12.320804596,78.61488196
569,	  392,488,	  370,258,	-66.9,88.3,96.7,	  12.201871872,78.69433133
570,	  392,488,	  371,258,	-66.8,88.2,96.7,	  12.194861412,78.57095755
571,	  392,487,	  372,258,	-66.4,88.1,96.8,	  12.044246674,78.72142927
572,	  392,487,	  372,257,	-66.4,88.1,96.8,	  12.092576981,78.58404458
573,	  392,487,	  375,258,	-65.5,87.8,96.7,	  11.881217957,78.55133901
574,	  392,486,	  374,257,	-65.9,87.7,97,	  11.931646347,78.75803437
575,	  392,486,	  384,280,	-63.2,87,94.2,	   7.981105804,74.96201295
576,	  390,484,	  375,258,	-65.1,86.6,97.5,	  11.233765602,79.4738411
577,	  392,483,	  385,278,	-62.9,86.6,95,	   7.644662857,76.12024209
578,	  392,489,	  385,278,	-62.8,86.7,93.9,	   9.012373924,74.23564469
579,	  392,488,	  385,273,	-62.7,86.5,94.8,	   9.598673820,75.61421108
580,	  392,488,	  385,272,	-62.8,86.6,94.9,	   9.829503059,75.6113113
581,	  392,488,	  386,275,	-62.4,86.5,94.5,	   9.246217728,75.01274282
582,	  392,488,	  387,274,	-62.3,86.5,94.6,	   9.365454674,75.09828878
583,	  393,487,	  387,275,	-62.3,86.8,94.6,	   9.091388702,75.00664573
584,	  391,488,	  387,270,	-62.2,86.2,95.3,	   9.995156288,75.99939252
585,	  392,488,	  386,271,	-62.3,86.5,95.1,	   9.945394516,75.5269359
586,	  390,489,	  387,270,	-62.0,85.6,95.2,	  10.238702774,75.62406811
587,	  391,488,	  389,270,	-61.3,85.6,95.3,	  10.077881813,76.02193001
588,	  390,488,	  387,269,	-61.8,85.7,95.3,	  10.310976982,75.63948287
589,	  390,489,	  390,272,	-61.1,85.4,94.9,	   9.892608643,75.21395318
590,	  390,489,	  388,269,	-61.3,85.2,95.3,	  10.374784470,75.6072584
591,	  390,489,	  390,270,	-61.0,85.1,95.2,	  10.213316917,75.47368373
592,	  390,489,	  389,265,	-61.1,85.1,95.8,	  10.939017296,76.25187845
593,	  390,489,	  389,265,	-61.1,85.1,95.8,	  11.018713951,76.12350829
594,	  389,489,	  389,263,	-61.0,84.8,96.1,	  11.231400490,76.51065531
595,	  384,510,	  391,263,	-59.3,81.9,92.1,	  16.386022568,71.09026941
596,	  389,489,	  390,263,	-60.9,84.9,96,	  11.428345680,76.15326942
597,	  389,488,	  391,261,	-60.6,84.8,96.5,	  11.531878471,76.9728645
598,	  390,488,	  391,258,	-60.6,84.9,96.9,	  11.694898605,77.48204375
599,	  389,488,	  391,258,	-60.4,84.6,96.9,	  11.958289146,77.44567989
600,	  389,489,	  391,259,	-60.3,84.6,96.6,	  11.866220474,76.89816666
601,	  390,487,	  390,258,	-60.6,85,97,	  11.791517258,77.25859869
602,	  390,487,	  392,259,	-60.3,84.9,96.9,	  11.565988541,77.12708753
603,	  390,487,	  392,258,	-60.3,84.8,97,	  11.772754669,77.15125202
604,	  389,489,	  393,258,	-59.8,84.1,96.8,	  12.093482971,76.95843628
605,	  389,489,	  394,258,	-59.2,83.9,96.9,	  12.036328316,77.31811161
606,	  389,489,	  396,258,	-58.9,83.8,96.9,	  12.017463684,77.36072475
607,	  389,489,	  398,259,	-58.2,83.5,96.7,	  11.731751442,77.33499463
608,	  390,488,	  397,258,	-58.6,84.3,97.1,	  11.725242615,77.59676213
609,	  389,489,	  398,258,	-58.3,83.6,96.8,	  12.053544998,77.1749932
610,	  389,489,	  398,258,	-58.1,83.5,96.8,	  12.046689034,77.16731779
611,	  389,489,	  397,258,	-58.3,83.6,96.8,	  12.058258057,76.92278734
612,	  389,489,	  399,259,	-57.8,83.4,96.7,	  11.870976448,76.94408737
613,	  390,488,	  399,258,	-58.2,84.1,97,	  11.623570442,77.04082319
614,	  390,488,	  400,258,	-57.9,84,97,	  11.606678963,77.09134978
615,	  390,488,	  395,233,	-58.9,84.1,100.2,	  15.619888306,81.27606553
616,	  390,488,	  424,209,	-49.6,80.4,103.8,	  18.912996292,92.55166631
617,	  389,487,	  395,190,	-57.7,82.8,106,	  22.455043793,90.52613546
618,	  390,488,	  395,189,	-57.8,83.2,106,	  22.595399857,90.32341817
619,	  389,487,	  398,192,	-56.9,82.6,105.7,	  22.012128830,90.19590772
620,	  388,488,	  397,191,	-56.8,82,105.8,	  22.138927460,90.27642911
621,	  389,487,	  397,191,	-57.0,82.6,105.8,	  22.134984970,90.00502003
622,	  389,487,	  398,192,	-56.7,82.5,105.7,	  22.014255524,89.87044091
623,	  388,488,	  398,192,	-56.6,81.9,105.8,	  22.069631577,89.95310936
624,	  388,488,	  399,191,	-56.4,81.8,105.8,	  22.149665833,89.92099644
625,	  388,488,	  399,191,	-56.4,81.8,105.8,	  22.149665833,89.77735267
626,	  388,488,	  398,192,	-56.6,82.1,105.7,	  22.198312759,89.36387887
627,	  388,487,	  398,191,	-56.6,82.2,105.9,	  22.166139603,89.51792538
628,	  388,487,	  399,192,	-56.4,82.1,105.8,	  22.034435272,89.33600673
629,	  388,487,	  400,190,	-56.1,82,106,	  22.270381927,89.65795421
630,	  388,487,	  400,190,	-56.1,82,106,	  22.270381927,89.51586553
631,	  388,487,	  397,188,	-57.0,82.3,106.3,	  22.712791443,89.33766257
632,	  388,488,	  397,188,	-56.8,81.9,106.2,	  22.846450806,89.16588568
633,	  388,488,	  396,188,	-56.9,81.9,106.2,	  22.751569748,88.97367152
634,	  388,488,	  399,191,	-56.2,81.7,105.9,	  22.227251053,88.76429326
635,	  388,488,	  399,191,	-56.2,81.7,105.9,	  22.227251053,88.62472676
636,	  388,488,	  401,189,	-55.7,81.6,106.1,	  22.441698074,89.05417042
637,	  388,488,	  401,189,	-55.7,81.6,106.1,	  22.441698074,88.91458708
638,	  388,488,	  398,186,	-56.5,81.8,106.4,	  22.899324417,88.78330258
639,	  388,488,	  398,186,	-56.5,81.8,106.4,	  22.875045776,88.64457867
640,	  388,488,	  398,187,	-56.5,81.8,106.4,	  22.882217407,88.5062876
641,	  387,487,	  398,187,	-56.5,81.7,106.4,	  22.807863235,88.37323196
642,	  388,488,	  400,189,	-55.9,81.6,106.1,	  22.384338379,88.11619771
643,	  387,487,	  399,186,	-56.2,81.6,106.5,	  22.823308945,88.40546375
644,	  387,487,	  399,186,	-56.2,81.6,106.5,	  22.823308945,88.26840102
645,	  387,487,	  400,188,	-55.9,81.5,106.3,	  22.575796127,88.00306194
646,	  387,487,	  399,187,	-56.2,81.6,106.4,	  22.807743073,87.85005116
647,	  387,487,	  399,187,	-56.2,81.6,106.4,	  22.807743073,87.71448009
648,	  387,487,	  399,185,	-56.2,81.5,106.6,	  22.978944778,87.87472032
649,	  387,487,	  398,185,	-56.4,81.6,106.6,	  23.028448105,87.63169295
650,	  387,487,	  398,188,	-56.5,81.6,106.3,	  22.495368958,87.01166473
651,	  387,488,	  399,183,	-56.1,81.4,106.9,	  23.354806900,87.96049042
652,	  387,487,	  399,185,	-56.1,81.4,106.8,	  23.017330170,87.68161008
653,	  387,487,	  401,182,	-55.5,81.1,107.1,	  23.375329971,88.3077497
654,	  387,487,	  399,178,	-55.9,81.4,107.5,	  24.055559158,88.52237012
655,	  387,487,	  401,183,	-55.5,81.1,106.9,	  23.137762070,87.75246149
656,	  387,487,	  401,181,	-55.5,81.1,107.3,	  23.530593872,88.19026557
657,	  387,487,	  401,180,	-55.4,81.1,107.4,	  23.685819626,88.25090695
658,	  387,488,	  401,179,	-55.3,80.8,107.4,	  24.050666809,88.18908486
659,	  387,488,	  398,176,	-56.1,81.1,107.7,	  24.510377884,88.05416148
660,	  387,486,	  398,178,	-56.1,81.2,107.9,	  23.893909454,88.20021642
661,	  387,488,	  399,179,	-55.9,81.1,107.4,	  24.093904495,87.46171386
662,	  387,488,	  399,177,	-55.9,81.1,107.7,	  24.450935364,87.75584893
663,	  387,487,	  400,178,	-55.4,80.8,107.7,	  23.997325897,87.89737753
664,	  387,488,	  398,183,	-56.0,81.2,106.9,	  23.518274307,86.30295155
665,	  386,487,	  403,183,	-54.8,80.4,107.2,	  23.094955444,87.27263551
666,	  386,487,	  405,171,	-53.9,80,108.7,	  24.767732620,89.75302157
667,	  386,487,	  398,149,	-55.1,80,111.4,	  28.475639343,92.79674355
668,	  386,487,	  400,156,	-54.7,80,110.6,	  27.438520432,91.72934111
669,	  386,485,	  402,165,	-54.4,79.8,109.7,	  25.554410934,90.50168335
670,	  386,485,	  407,181,	-53.6,79.8,107.7,	  22.966983795,88.01203435
671,	  386,485,	  400,176,	-55.4,80.4,108.2,	  23.913068771,87.57930383
672,	  386,486,	  400,173,	-55.4,80.3,108.6,	  24.339946747,88.0157775
673,	  386,485,	  400,175,	-55.5,80.4,108.4,	  24.088159561,87.54840746
674,	  385,488,	  400,174,	-55.3,80.3,108,	  24.790874481,86.97002937
675,	  386,487,	  400,174,	-55.2,80.3,108.2,	  24.664615631,87.16947407
676,	  387,488,	  401,173,	-55.2,80.8,108.1,	  24.916627884,86.86507026
677,	  386,486,	  401,172,	-55.0,80.2,108.5,	  24.688608170,87.43638505
678,	  387,488,	  401,173,	-55.2,80.8,108.1,	  24.947607040,86.60920849
679,	  387,488,	  400,173,	-55.3,80.9,108.2,	  25.014604568,86.5632007
680,	  387,488,	  401,172,	-55.1,80.8,108.4,	  25.155078888,86.81854657
681,	  386,486,	  400,173,	-55.4,80.3,108.4,	  24.639753342,86.57858031
682,	  386,486,	  399,173,	-55.4,80.3,108.5,	  24.688571930,86.58945124
683,	  386,488,	  401,172,	-55.0,80.1,108.3,	  25.188299179,86.40350877
684,	  386,488,	  402,172,	-54.6,80,108.3,	  25.080242157,86.48818835
685,	  386,486,	  401,169,	-54.9,80.1,108.9,	  25.167936325,87.02172171
686,	  386,487,	  399,171,	-55.4,80.3,108.7,	  25.026412964,86.35904056
687,	  386,486,	  402,168,	-54.6,80.1,109.1,	  25.336545944,87.19101068
688,	  385,487,	  402,168,	-54.4,79.7,109,	  25.537506104,87.06410057
689,	  386,486,	  402,168,	-54.5,80,109.1,	  25.374349594,86.99672983
690,	  385,487,	  402,167,	-54.4,79.7,109.2,	  25.524875641,87.08284657
691,	  384,488,	  402,167,	-54.2,78.9,109,	  25.826721191,86.86858402
692,	  385,487,	  402,169,	-54.5,79.7,108.9,	  25.303600311,86.37638374
693,	  385,487,	  402,169,	-54.5,79.7,109,	  25.260122299,86.38674032
694,	  385,487,	  402,169,	-54.6,79.6,108.9,	  25.284421921,86.08718587
695,	  385,487,	  402,169,	-54.5,79.6,108.9,	  25.361583710,86.01331234
696,	  384,488,	  402,169,	-54.4,79,108.7,	  25.567802429,85.73218722
697,	  385,486,	  402,169,	-54.6,79.6,109,	  25.227256775,85.85129244
698,	  383,487,	  403,167,	-54.1,78.9,109.2,	  25.386856079,86.31590246
699,	  385,486,	  403,166,	-54.2,79.4,109.3,	  25.553127289,86.22443425
700,	  403,466,	  403,167,	-57.0,88.2,113,	  20.952762604,89.87149877
701,	  396,462,	  403,167,	-56.4,85.2,114,	  19.755264282,91.13814946
702,	  380,456,	  403,167,	-54.6,77.9,115.3,	  17.917936325,93.85759809
703,	  363,454,	  403,164,	-52.5,70.1,116.3,	  17.623754501,97.57768017
704,	  347,453,	  404,163,	-50.4,62.7,116.7,	  17.322792053,101.5259065
705,	  331,447,	  404,164,	-48.7,55.9,118,	  15.609290123,107.0069021
706,	  332,446,	  405,163,	-48.5,56.2,118.2,	  15.703197479,107.04532
707,	  331,447,	  405,162,	-48.4,55.5,118.2,	  15.805838585,107.3046684
708,	  331,447,	  405,163,	-48.4,55.7,118.1,	  15.885428429,106.9283529
709,	  331,447,	  406,162,	-48.1,55.6,118.2,	  16.014640808,107.1009846
710,	  331,447,	  405,165,	-48.5,55.6,117.9,	  15.460408211,106.3876077
711,	  331,447,	  406,163,	-48.2,55.5,118.2,	  15.749571800,106.8016168
712,	  331,447,	  405,161,	-48.3,55.5,118.3,	  15.952601433,106.7224416
713,	  331,447,	  405,167,	-48.5,55.6,117.6,	  15.086245537,105.5797627
714,	  331,447,	  405,162,	-48.4,55.6,118.2,	  15.854019165,106.2026662
715,	  331,447,	  405,162,	-48.4,55.7,118.2,	  15.856564522,106.0031024
716,	  330,446,	  405,163,	-48.3,55.1,118.3,	  15.602613449,106.333607
717,	  330,446,	  406,162,	-48.0,55,118.4,	  15.731817245,106.5053539
718,	  330,447,	  406,162,	-48.0,55,118.2,	  15.813755035,106.1190637
719,	  330,447,	  407,161,	-47.7,54.8,118.4,	  16.030612946,106.4626594
720,	  312,446,	  407,162,	-45.8,47.2,118.5,	  15.414420128,111.745637
721,	  296,427,	  406,164,	-44.7,40.3,122.2,	  10.496355057,120.7855501
722,	  297,427,	  405,162,	-45.0,41,122.4,	  10.846760750,120.2173506
723,	  284,430,	  405,162,	-43.4,35.2,121.9,	  11.430732727,124.3976053
724,	  294,426,	  405,162,	-44.6,39.5,122.5,	  10.654170990,121.2118751
725,	  292,427,	  407,163,	-44.1,38.8,122.3,	  10.617177963,121.5551276
726,	  294,426,	  408,164,	-43.9,39.2,122.4,	  10.243348122,121.3162843
727,	  295,426,	  408,161,	-43.9,39.7,122.8,	  10.700926781,121.2407957
728,	  313,447,	  408,161,	-45.5,47.3,118.5,	  15.676777840,110.6090369
729,	  313,446,	  408,161,	-45.6,47.5,118.7,	  15.449751854,110.5075379
730,	  313,446,	  408,161,	-45.6,47.5,118.7,	  15.449751854,110.3563648
731,	  314,446,	  406,163,	-46.1,47.8,118.5,	  15.315515518,109.5496394
732,	  314,445,	  406,163,	-46.1,47.9,118.7,	  15.059962273,109.5629614
733,	  314,445,	  407,163,	-46.1,48.1,118.7,	  15.019378662,109.2931801
734,	  314,445,	  408,161,	-45.8,47.9,118.9,	  15.231708527,109.6366512
735,	  314,445,	  408,161,	-45.8,47.9,118.9,	  15.231708527,109.4876884
736,	  314,445,	  406,162,	-46.1,48.1,118.8,	  15.208699226,108.9596171
737,	  314,445,	  407,162,	-46.1,48,118.8,	  15.207009315,108.8717762
738,	  315,445,	  408,162,	-45.8,48.2,118.8,	  15.181380272,108.753501
739,	  315,445,	  409,160,	-45.4,48,119,	  15.388931274,109.1459474
740,	  315,445,	  408,160,	-45.8,48.1,119,	  15.382153511,108.7406149
741,	  315,445,	  408,160,	-45.9,48.4,119,	  15.360772133,108.3676959
742,	  315,444,	  408,160,	-45.8,48.2,119,	  15.283633232,108.3888459
743,	  315,444,	  409,159,	-45.4,48,119.3,	  15.470355034,108.8893851
744,	  315,445,	  409,159,	-45.5,48.1,118.9,	  15.691934586,108.1949138
745,	  314,446,	  409,159,	-45.4,47.7,118.8,	  15.820998192,108.2265152
746,	  311,447,	  408,159,	-45.3,46.4,118.7,	  15.935210228,108.8053691
747,	  311,447,	  409,158,	-45.0,46.2,118.9,	  16.037109375,109.1467627
748,	  310,447,	  409,158,	-44.8,45.9,119,	  16.097206116,109.3915112
749,	  310,447,	  410,157,	-44.5,45.8,119,	  16.353261948,109.4563536
750,	  310,446,	  410,157,	-44.5,45.7,119.2,	  16.162998199,109.5862463
751,	  310,448,	  412,156,	-43.9,45.6,118.9,	  16.662719727,109.4825225
752,	  309,446,	  411,156,	-44.1,45.1,119.3,	  16.275747299,109.9691408
753,	  309,446,	  412,156,	-43.9,45.2,119.2,	  16.153478622,109.7558437
754,	  309,448,	  411,158,	-44.2,45.3,118.8,	  16.284347534,108.9741891
755,	  310,448,	  411,156,	-44.3,45.5,119,	  16.507373810,108.8698269
756,	  310,448,	  411,157,	-44.3,45.5,118.8,	  16.610382080,108.5139427
757,	  310,448,	  410,158,	-44.5,45.6,118.8,	  16.290422440,108.210466
758,	  307,448,	  410,155,	-44.2,44.3,119.1,	  16.657838821,109.3329026
759,	  306,447,	  416,155,	-42.4,43.5,119.2,	  16.518291473,110.6992694
760,	  307,449,	  428,134,	-38.8,42.3,121.6,	  19.608747482,115.6774808
761,	  313,448,	  461,128,	-30.6,41.9,122.6,	  19.788694382,121.6071709
762,	  313,449,	  459,127,	-30.9,42.1,122.6,	  20.125556946,121.140981
763,	  314,448,	  461,128,	-30.7,42.2,122.6,	  19.843866348,121.0498775
764,	  315,448,	  461,129,	-30.8,42.7,122.4,	  19.667564392,120.3405537
765,	  316,447,	  457,128,	-32.0,43.8,122.7,	  19.840698242,119.099983
766,	  316,448,	  456,127,	-32.2,43.7,122.6,	  20.006105423,118.7782384
767,	  316,448,	  456,128,	-32.3,43.7,122.5,	  19.978099823,118.4623939
768,	  316,448,	  456,127,	-32.2,43.7,122.7,	  19.901662827,118.5688407
769,	  317,446,	  456,128,	-32.3,44.1,123,	  19.433156967,118.426819
770,	  315,449,	  456,127,	-32.1,43.4,122.5,	  20.138090134,118.2948351
771,	  315,449,	  456,127,	-32.1,43.4,122.5,	  20.138090134,118.1416034
772,	  318,446,	  456,127,	-32.3,44.3,122.9,	  19.608127594,117.7561332
773,	  317,448,	  457,127,	-32.0,43.8,122.7,	  19.892875671,117.8689754
774,	  316,449,	  456,127,	-32.1,43.8,122.5,	  20.178670883,117.4582708
775,	  318,447,	  456,127,	-32.3,44.3,122.7,	  19.927751541,117.1028064
776,	  317,449,	  457,127,	-32.1,44.2,122.5,	  20.161354065,116.9323362
777,	  321,451,	  457,127,	-32.4,45.6,122,	  20.780767441,115.3353154
778,	  321,449,	  440,135,	-37.0,47.2,121.5,	  19.428218842,111.1012912
779,	  321,450,	  440,135,	-36.9,47.1,121.3,	  19.705598831,110.866529
780,	  337,451,	  441,134,	-38.5,54.3,120.9,	  20.322713852,105.8247605
781,	  344,451,	  442,134,	-39.0,57.4,120.9,	  20.591911316,104.0680329
782,	  344,452,	  465,129,	-32.5,54.7,121.6,	  20.844863892,109.722314
783,	  344,452,	  498,143,	-24.0,51.9,120,	  18.178480148,115.0271198
784,	  343,452,	  498,148,	-24.0,51.6,119.5,	  17.587364197,114.5424835
785,	  343,452,	  498,148,	-24.0,51.6,119.5,	  17.587364197,114.3967552
786,	  344,452,	  498,148,	-24.2,52.4,119.5,	  17.635183334,113.7494734
787,	  344,452,	  497,143,	-24.3,52.1,120,	  18.227161407,114.1382298
788,	  328,451,	  497,143,	-22.8,45.2,120.2,	  17.891551971,118.5734128
789,	  328,450,	  497,143,	-22.9,45.3,120.4,	  17.694280624,118.4829736
790,	  326,452,	  497,143,	-22.7,44.7,120.1,	  18.031955719,118.5139652
791,	  328,449,	  497,147,	-22.9,45.4,120.1,	  16.996448517,117.859314
792,	  328,453,	  495,146,	-23.1,45.4,119.6,	  17.979516983,117.1156476
793,	  328,450,	  497,143,	-22.9,45.2,120.3,	  17.736000061,117.8467857
794,	  328,452,	  497,143,	-22.8,45.2,120.1,	  17.980432510,117.5880651
795,	  330,453,	  498,145,	-22.7,46,119.7,	  18.124540329,116.7412636
796,	  329,453,	  498,145,	-22.6,45.5,119.7,	  18.106704712,116.9202763
797,	  330,451,	  498,145,	-22.7,46,120.1,	  17.745264053,116.8095252
798,	  331,452,	  498,145,	-22.8,46.4,119.9,	  17.956254959,116.2113822
799,	  331,450,	  498,145,	-22.8,46.5,120.2,	  17.558645248,116.2872252
800,	  331,450,	  498,145,	-22.8,46.5,120.2,	  17.536401749,116.1420477
801,	  330,452,	  498,145,	-22.8,46.3,120,	  17.843702316,115.9165177
802,	  332,451,	  498,145,	-22.9,46.8,120,	  17.836420059,115.4539806
803,	  330,452,	  498,145,	-22.8,46.3,120,	  17.843702316,115.6281682
804,	  332,452,	  498,145,	-22.9,46.9,120,	  17.862756729,115.1180198
805,	  331,451,	  498,145,	-22.8,46.4,120,	  17.822822571,115.2916592
806,	  331,451,	  497,144,	-23.1,46.5,120,	  17.859785080,114.8896705
807,	  331,454,	  498,145,	-22.7,46.5,119.5,	  18.451028824,114.5809698
808,	  331,454,	  497,144,	-23.1,46.6,119.5,	  18.488441467,114.1096828
809,	  328,453,	  497,144,	-22.9,45.6,119.8,	  18.097965240,114.8730769
810,	  328,453,	  497,144,	-22.9,45.5,119.8,	  18.074359894,114.7817129
811,	  329,452,	  497,144,	-22.9,45.6,120,	  17.854778290,114.7673571
812,	  328,453,	  497,147,	-22.9,45.6,119.5,	  17.749429703,114.1841691
813,	  330,451,	  497,144,	-23.1,46.1,120,	  17.804395676,114.0986678
814,	  329,452,	  496,146,	-23.0,45.7,119.9,	  17.704927444,114.1376707
815,	  329,452,	  496,146,	-23.0,45.7,119.9,	  17.704927444,113.9977961
816,	  330,453,	  496,146,	-23.1,46.2,119.6,	  18.011716843,113.2771031
817,	  327,453,	  496,146,	-22.9,45.1,119.7,	  17.911010742,113.9122927
818,	  327,453,	  496,146,	-22.9,45.1,119.7,	  17.911010742,113.7732056
819,	  329,451,	  498,145,	-22.6,45.5,119.9,	  17.668500900,113.8157737
820,	  329,451,	  496,146,	-23.0,45.8,119.9,	  17.618665695,113.2540939
821,	  329,451,	  498,145,	-22.6,45.6,120,	  17.706474304,113.5767752
822,	  329,453,	  497,146,	-23.0,45.8,119.7,	  17.929187775,112.8038884
823,	  328,453,	  496,146,	-22.9,45.2,119.6,	  18.024852753,112.9458676
824,	  328,454,	  496,146,	-22.9,45.2,119.4,	  18.202651978,112.6353486
825,	  328,454,	  497,146,	-22.7,45.1,119.4,	  18.190155029,112.6855937
826,	  328,453,	  497,146,	-22.7,45.1,119.6,	  18.012424469,112.7222441
827,	  346,454,	  497,142,	-24.4,52.9,119.7,	  18.959243774,107.9510865
828,	  345,455,	  495,145,	-24.8,52.9,119.3,	  18.789600372,107.1857901
829,	  346,455,	  500,146,	-23.7,52.6,119.1,	  18.560417175,107.7610325
830,	  345,455,	  497,143,	-24.4,52.8,119.4,	  18.923204422,107.3332009
831,	  346,454,	  497,143,	-24.5,52.9,119.6,	  18.678134918,107.2738398
832,	  346,454,	  497,143,	-24.5,52.9,119.6,	  18.678134918,107.1450597
833,	  346,454,	  497,143,	-24.5,52.9,119.6,	  18.678134918,107.0165884
834,	  347,452,	  497,144,	-24.6,53.5,119.9,	  18.280185699,106.8454777
835,	  347,452,	  496,144,	-24.7,53.5,119.9,	  18.282005310,106.649741
836,	  346,453,	  496,144,	-24.5,52.9,119.7,	  18.599996567,106.7223319
837,	  346,456,	  500,145,	-23.6,52.6,119,	  18.927003860,106.7129401
838,	  347,452,	  500,145,	-23.9,53.2,119.7,	  18.094602585,106.7547525
839,	  346,456,	  500,145,	-23.6,52.6,119,	  18.973176956,106.4588617
840,	  345,454,	  495,144,	-24.7,52.5,119.6,	  18.671823502,106.154883
841,	  327,452,	  495,144,	-23.1,45.1,120,	  18.094808578,110.787996
842,	  327,452,	  497,145,	-22.6,44.7,119.9,	  17.846319199,111.1002543
843,	  327,453,	  500,145,	-21.9,44.5,119.7,	  17.993579865,111.3668446
844,	  327,453,	  497,142,	-22.7,44.7,120,	  18.394500732,110.8554891
845,	  327,453,	  500,145,	-21.9,44.5,119.7,	  17.993579865,111.103566
846,	  327,452,	  498,144,	-22.3,44.6,120,	  18.083400726,110.9084399
847,	  326,452,	  498,144,	-22.3,44.4,120.1,	  17.922975540,110.9597124
848,	  327,452,	  498,144,	-22.3,44.6,120,	  18.083400726,110.6471715
849,	  326,452,	  497,142,	-22.7,44.5,120.3,	  18.098882675,110.5539371
850,	  326,452,	  500,145,	-21.9,44.3,120,	  17.698560715,110.7990967
851,	  321,450,	  497,143,	-22.2,42.4,120.7,	  17.572957993,111.9995094
852,	  321,450,	  497,143,	-22.2,42.2,120.6,	  17.611835480,111.8862056
853,	  321,447,	  497,143,	-22.3,42.3,121.1,	  17.078914642,112.0559343
854,	  321,448,	  496,143,	-22.3,42.3,121,	  17.148416519,111.841551
855,	  321,448,	  497,142,	-22.2,42.3,121.1,	  17.285079956,111.8588645
856,	  321,448,	  496,144,	-22.3,42.3,120.9,	  16.968471527,111.4974748
857,	  321,446,	  498,146,	-22.0,42.3,120.9,	  16.376834869,111.5618422
858,	  320,448,	  497,142,	-22.2,42,121.2,	  17.254850388,111.7017588
859,	  320,448,	  497,141,	-22.2,42,121.2,	  17.268680573,111.571873
860,	  320,448,	  496,144,	-22.3,42.1,120.9,	  16.938415527,111.0798382
861,	  320,448,	  497,143,	-22.2,41.8,121,	  17.109884262,111.2486662
862,	  320,448,	  497,143,	-22.2,41.8,121,	  17.109884262,111.119757
863,	  320,448,	  498,142,	-21.8,41.7,121.1,	  17.144615173,111.3804245
864,	  320,447,	  498,142,	-21.9,41.7,121.3,	  16.923372269,111.3515065
865,	  320,448,	  496,143,	-22.2,41.9,121,	  17.135070801,110.6846514
866,	  318,448,	  498,145,	-21.8,41.3,120.8,	  16.760568619,110.9516888
867,	  319,448,	  498,142,	-21.8,41.5,121,	  17.210540771,110.8858848
868,	  319,448,	  491,142,	-23.6,42.1,121,	  17.381313324,109.3177881
869,	  319,449,	  487,134,	-24.5,42.3,121.8,	  18.812627792,109.1971567
870,	  319,448,	  487,134,	-24.5,42.1,122,	  18.627374649,109.3380597
871,	  319,448,	  487,134,	-24.5,42.1,121.9,	  18.558122635,109.1294912
872,	  319,448,	  487,134,	-24.5,42.1,122,	  18.627374649,109.0875716
873,	  319,449,	  487,134,	-24.5,42.1,121.8,	  18.784460068,108.7968336
874,	  319,449,	  486,134,	-24.6,42.2,121.8,	  18.724199295,108.5617439
875,	  319,449,	  486,134,	-24.6,42.3,121.8,	  18.727157593,108.3882318
876,	  318,449,	  489,142,	-24.1,41.9,120.8,	  17.461473465,107.9475551
877,	  318,447,	  490,141,	-23.7,41.5,121.2,	  17.381757736,108.5980586
878,	  318,449,	  488,144,	-24.3,41.8,120.6,	  17.330451965,107.4659672
879,	  318,449,	  487,143,	-24.3,41.8,120.8,	  17.529674530,107.5068468
880,	  318,449,	  488,144,	-24.3,41.8,120.6,	  17.306888580,107.2220036
881,	  318,449,	  488,142,	-24.3,41.7,120.8,	  17.544181824,107.3130899
882,	  318,449,	  489,141,	-23.9,41.6,121,	  17.675245285,107.6484302
883,	  318,449,	  488,141,	-24.3,41.9,120.9,	  17.674737930,107.0518332
884,	  318,450,	  489,141,	-23.9,41.6,120.8,	  17.933332443,107.2433659
885,	  317,447,	  487,144,	-24.5,41.5,120.9,	  17.039064407,106.8881533
886,	  317,448,	  487,144,	-24.5,41.5,120.9,	  17.061294556,106.7676481
887,	  317,448,	  489,143,	-24.0,41.3,121,	  17.137771606,107.1308826
888,	  317,449,	  489,142,	-23.9,41.3,120.8,	  17.509048462,106.910237
889,	  317,448,	  488,143,	-24.2,41.4,121,	  17.224170685,106.7192762
890,	  317,449,	  490,143,	-23.6,41.2,120.8,	  17.452224731,106.9025189
891,	  317,449,	  489,143,	-23.9,41.2,120.8,	  17.469924927,106.6004975
892,	  317,449,	  489,142,	-23.9,41.3,120.8,	  17.485118866,106.4313558
893,	  317,449,	  488,143,	-24.2,41.5,120.8,	  17.494821548,106.0318907
894,	  317,449,	  488,143,	-24.2,41.5,120.8,	  17.494821548,105.9134193
895,	  317,449,	  487,143,	-24.3,41.5,120.8,	  17.475698471,105.7350898
896,	  317,449,	  487,143,	-24.2,41.5,120.8,	  17.496557236,105.677269
897,	  316,449,	  487,143,	-24.1,40.9,120.8,	  17.478866577,105.9172259
898,	  316,449,	  488,143,	-24.1,40.9,120.8,	  17.454929352,105.7994092
899,	  316,449,	  489,142,	-23.8,40.8,120.8,	  17.449710846,105.9113885
900,	  316,449,	  487,143,	-24.1,40.9,120.8,	  17.456661224,105.5645603
901,	  316,448,	  488,142,	-24.1,40.9,121,	  17.361476898,105.6059294
902,	  316,449,	  488,142,	-24.1,40.9,120.9,	  17.472482681,105.4098371
903,	  316,449,	  488,142,	-24.1,40.9,120.9,	  17.472482681,105.2932333
904,	  315,449,	  486,143,	-24.3,40.8,120.8,	  17.444976807,105.0287723
905,	  315,448,	  487,144,	-24.4,40.8,120.8,	  17.152370453,104.8536656
906,	  316,448,	  489,143,	-23.8,40.9,121,	  17.119827271,105.2019101
907,	  313,449,	  489,143,	-23.5,39.9,120.8,	  17.309408188,105.6041069
908,	  315,450,	  489,143,	-23.7,40.4,120.5,	  17.644712448,104.8857254
909,	  315,450,	  487,144,	-24.3,40.6,120.4,	  17.568958282,104.2373584
910,	  313,449,	  487,144,	-24.2,40.1,120.7,	  17.286367416,104.6651311
911,	  315,447,	  487,144,	-24.3,40.7,120.9,	  16.970687866,104.3502537
912,	  315,447,	  487,144,	-24.3,40.7,120.9,	  16.970687866,104.2359599
913,	  314,449,	  487,144,	-24.2,40.4,120.7,	  17.248296738,104.1726034
914,	  314,449,	  487,144,	-24.2,40.2,120.7,	  17.265512466,104.1578792
915,	  314,449,	  487,143,	-24.2,40.1,120.8,	  17.422874451,104.1714704
916,	  314,449,	  487,144,	-24.2,40.2,120.7,	  17.284755707,103.9307083
917,	  314,449,	  486,144,	-24.2,40.2,120.7,	  17.272663116,103.817494
918,	  313,449,	  487,144,	-24.1,39.9,120.7,	  17.278038025,103.9115472
919,	  313,449,	  486,144,	-24.2,40,120.7,	  17.265951157,103.6907528
920,	  313,449,	  455,135,	-32.4,42.6,121.6,	  19.070102692,98.51833279
921,	  313,449,	  450,140,	-33.7,43.1,121,	  18.423349380,97.01145752
922,	  312,448,	  451,139,	-33.4,42.8,121.3,	  18.282567978,97.45189181
923,	  313,449,	  451,140,	-33.5,43.1,120.9,	  18.569490433,96.82004725
924,	  313,450,	  452,139,	-33.2,42.7,120.8,	  18.831407547,96.98122837
925,	  313,450,	  452,139,	-33.1,42.8,120.9,	  18.895332336,96.95994562
926,	  313,449,	  452,139,	-33.1,42.8,121.1,	  18.567167282,97.01885392
927,	  313,448,	  455,135,	-32.2,42.4,121.8,	  18.857584000,98.13746257
928,	  313,447,	  456,136,	-32.1,42.4,121.7,	  18.560411453,98.00144384
929,	  311,449,	  457,135,	-31.6,41.7,121.6,	  18.961603165,98.41277061
930,	  311,449,	  456,136,	-32.0,41.9,121.5,	  18.887599945,97.92366788
931,	  312,449,	  456,136,	-32.0,41.9,121.5,	  18.889116287,97.81859957
932,	  313,449,	  457,135,	-31.8,42.4,121.6,	  18.989946365,97.6534266
933,	  313,449,	  457,135,	-31.9,42.5,121.6,	  18.991472244,97.44952397
934,	  311,449,	  456,136,	-31.8,41.8,121.5,	  18.892442703,97.65531708
935,	  311,449,	  456,136,	-31.8,41.8,121.5,	  18.890926361,97.55098448
936,	  312,450,	  457,135,	-31.5,41.7,121.3,	  19.238149643,97.48859302
937,	  312,450,	  457,135,	-31.5,41.7,121.3,	  19.238149643,97.38466062
938,	  312,449,	  458,135,	-31.4,41.7,121.6,	  18.950344086,97.57139446
939,	  312,450,	  458,135,	-31.4,41.7,121.4,	  19.242897034,97.30815649
940,	  312,447,	  458,135,	-31.5,41.8,121.8,	  18.659276962,97.42431274
941,	  310,449,	  458,135,	-31.2,41.2,121.6,	  18.924510956,97.60562009
942,	  312,450,	  458,135,	-31.3,41.7,121.3,	  19.259262085,96.97017852
943,	  312,447,	  459,135,	-31.1,41.7,121.9,	  18.691255569,97.44542112
944,	  312,449,	  459,135,	-31.1,41.8,121.7,	  18.988195419,97.13553707
945,	  312,447,	  458,135,	-31.5,41.8,121.9,	  18.730571747,96.98885598
946,	  312,449,	  458,135,	-31.3,41.9,121.6,	  19.004640579,96.70165869
947,	  310,449,	  458,135,	-31.2,41.2,121.6,	  19.002735138,96.987863
948,	  311,449,	  460,135,	-30.7,41.1,121.6,	  18.941759109,97.18786656
949,	  311,449,	  459,135,	-31.1,41.2,121.6,	  18.930856705,96.8342102
950,	  311,449,	  459,134,	-31.1,41.2,121.7,	  19.196392059,96.81093976
951,	  309,449,	  459,134,	-30.9,40.7,121.8,	  19.108980179,97.13070068
952,	  311,448,	  459,134,	-31.0,41.3,121.8,	  19.100391388,96.68848503
953,	  309,449,	  459,134,	-30.8,40.7,121.7,	  19.030286789,96.89940869
954,	  309,449,	  459,134,	-30.8,40.7,121.7,	  19.030286789,96.79794334
955,	  309,449,	  461,134,	-30.4,40.5,121.8,	  19.072450638,97.07327133
956,	  309,449,	  459,134,	-30.8,40.7,121.8,	  19.087757111,96.67344307
957,	  309,449,	  458,134,	-31.2,40.8,121.8,	  19.149751663,96.32404734
958,	  310,447,	  460,134,	-30.6,40.7,122,	  18.747776031,96.72756809
959,	  310,447,	  458,134,	-31.1,40.8,122,	  18.872438431,96.32876918
960,	  310,447,	  460,134,	-30.7,40.7,122,	  18.775661469,96.47616154
961,	  310,447,	  459,134,	-30.8,40.7,122,	  18.854286194,96.32591224
962,	  310,449,	  459,135,	-30.9,40.7,121.6,	  19.009101868,95.86656237
963,	  310,448,	  459,135,	-31.0,40.8,121.8,	  18.845081329,95.82384306
964,	  310,449,	  458,135,	-31.0,40.8,121.6,	  19.049139023,95.57005704
965,	  310,449,	  459,135,	-30.8,40.7,121.6,	  19.029634476,95.6186698
966,	  310,449,	  460,135,	-30.7,40.7,121.6,	  18.950958252,95.56965214
967,	  310,449,	  457,135,	-31.2,40.8,121.6,	  19.044927597,95.17479623
968,	  310,449,	  458,135,	-31.2,40.9,121.6,	  19.058252335,95.02878992
969,	  310,449,	  461,136,	-30.5,40.7,121.5,	  18.852336884,95.29722036
970,	  310,449,	  460,135,	-30.6,40.7,121.6,	  18.948530197,95.22570053
971,	  310,447,	  459,135,	-31.0,40.9,121.9,	  18.612632751,95.06445625
972,	  310,448,	  467,138,	-29.0,40.2,121.5,	  18.302585602,95.99716969
973,	  309,449,	  465,138,	-29.2,39.8,121.3,	  18.467060089,95.83769591
974,	  309,449,	  465,138,	-29.2,39.8,121.3,	  18.468851089,95.73940084
975,	  309,449,	  465,138,	-29.3,39.8,121.3,	  18.515415192,95.59074809
976,	  309,448,	  464,138,	-29.6,40.1,121.5,	  18.211349487,95.34886098
977,	  309,449,	  464,138,	-29.5,39.9,121.3,	  18.535146713,95.24670227
978,	  309,449,	  465,139,	-29.3,39.8,121.1,	  18.283138275,95.14815144
979,	  309,448,	  463,138,	-29.9,40,121.4,	  18.354946136,94.87963396
980,	  309,448,	  465,139,	-29.3,39.8,121.4,	  18.059665680,95.17829715
981,	  309,449,	  464,139,	-29.6,39.9,121.2,	  18.361846924,94.73391573
982,	  309,449,	  465,139,	-29.2,39.8,121.2,	  18.350727081,94.88572208
983,	  309,448,	  463,139,	-29.8,40,121.3,	  18.207153320,94.46880287
984,	  309,447,	  465,139,	-29.4,40,121.4,	  17.929500580,94.64689909
985,	  309,447,	  472,142,	-27.7,39.5,121.1,	  17.420209885,95.42635099
986,	  309,447,	  481,145,	-25.3,38.7,120.8,	  16.941055298,96.74299816
987,	  309,447,	  479,145,	-25.7,38.8,120.8,	  16.966600418,96.38614598
988,	  306,449,	  479,145,	-25.5,37.8,120.6,	  17.202606201,96.72916599
989,	  308,448,	  478,145,	-26.1,38.7,120.8,	  17.007772446,96.02916139
990,	  308,448,	  478,145,	-26.0,38.4,120.7,	  17.109651566,96.05557115
991,	  308,448,	  479,145,	-25.7,38.3,120.6,	  17.018472672,96.09181673
992,	  308,448,	  478,145,	-26.0,38.4,120.6,	  17.040662766,95.79040457
993,	  308,448,	  478,146,	-25.9,38.4,120.6,	  16.961439133,95.7462168
994,	  309,447,	  478,145,	-26.1,38.9,120.8,	  16.898200989,95.45204636
995,	  307,448,	  478,146,	-25.9,38.2,120.6,	  16.963342667,95.64927543
996,	  307,448,	  477,145,	-26.1,38.3,120.6,	  17.042547226,95.40176659
997,	  307,448,	  477,146,	-26.0,38,120.5,	  16.904979706,95.43003268
998,	  307,448,	  477,146,	-26.1,38,120.6,	  16.966943741,95.35384428
999,	  307,448,	  477,145,	-26.0,38,120.6,	  16.977327347,95.31017784